{
  "data/axis-atlas.json": {
    "hash": "475a8346e9001692f510fbac236edecbacc0d1d9f8531d28ef0adba51e31b416",
    "last_modified": 1754123437.6474428,
    "size": 16477
  },
  "data/hdfc-infinia.json": {
    "hash": "855928802076fa51fc4bb759689a4a6d9141f178c5ced22ecd231c71efc8fa23",
    "last_modified": 1754123429.9130025,
    "size": 20829
  },
  "data/icici-epm.json": {
    "hash": "9e8f533b69fcab72f3099b6001b3fdc332745eebe09d55d0485081c54e140a64",
    "last_modified": 1754123454.7955325,
    "size": 26514
  },
  "data/hsbc-premier.json": {
    "hash": "156d94961d096a08c63824f74fee6900ffe6fa007209fbec5e48b5cb255e61a4",
    "last_modified": 1754123467.5326412,
    "size": 24272
  }
}