{
  "data/axis-atlas.json": {
    "hash": "8513da5d21b9ddd434fe4ae82d7b5bf6d6fd5df84d8825d402094b8f2e1c336a",
    "last_modified": 1754117475.5220191,
    "size": 15958
  },
  "data/hdfc-infinia.json": {
    "hash": "c7162241fd625dcc8a9ed9633d58643b5e051ef6cf349c7a26382a84668503af",
    "last_modified": 1754117466.8417797,
    "size": 20218
  },
  "data/client_secret_910315304252-im8oclg36n7dun7hjs2atkv8p2ln7ng7.apps.googleusercontent.com.json": {
    "hash": "d739f566e6652c222f3a309fba098f8dcd5b31acce042f7041c75e1f5978ba2f",
    "last_modified": 1753029405.2919588,
    "size": 473
  },
  "data/icici-epm.json": {
    "hash": "0226a13a5a06e977df6b9f1f0cad53044782921c99fde0b43d22a5ac0f06cee4",
    "last_modified": 1754117486.7577338,
    "size": 25862
  },
  "data/hsbc-premier.json": {
    "hash": "8dd0502d829242e06e01bfdf650305d56f14c514a00816391db86321dc6cd44f",
    "last_modified": 1754117499.4617007,
    "size": 23670
  }
}